0,1,2,3,4,5,6,7,8,9,10,11,12,13,14,15,16,17,18,19,20,21
1,scene#1(img).png,scene#1(choose).png,FADE_IN,MainTheme.mp3,NORMAL,,,,scene#1.txt,"2060년 환경오염과 기후위기로
최악의 상황에 몰린 지구는
하루 하루 다르게 메말라 간다.

소수의 특권층들은
안전한 삶을 영위하고 있지만
과학의 발전으로 인해
대부분의 노동자들은
'안드로이드'에게 일자리를 뺏기고
힘들게 살아 가고 있다.

노동 계급들에게 유일한 희망은
다른 행성으로 이주하여
새로운 삶을 찾을 수 있는
뉴 프론티어 프로젝트에
참여하는 것이다.

2060년 06월 05일
하루하루 일용직으로 연명해가던
'톰 블레이크'는 가까스로
프로젝트에 참여하게 된다.",우주선으로 들어간다.,,,1,2,,,FALSE,FALSE,FALSE,1
2,scene#2(img).png,scene#2(choose).png,NORMAL,MainTheme.mp3,NORMAL,,,,scene#2.txt,"2060년 환경오염과 기후위기로
최악의 상황에 몰린 지구는
하루 하루 다르게 메말라 간다.

소수의 특권층들은
안전한 삶을 영위하고 있지만
과학의 발전으로 인해
대부분의 노동자들은
'안드로이드'에게 일자리를 뺏기고
힘들게 살아 가고 있다.

노동 계급들에게 유일한 희망은
다른 행성으로 이주하여
새로운 삶을 찾을 수 있는
뉴 프론티어 프로젝트에
참여하는 것이다.

2060년 06월 05일
하루하루 일용직으로 연명해가던
'톰 블레이크'는 가까스로
프로젝트에 참여하게 된다.",숀은 지금 어디에 있지?,,,1,3,,,FALSE,FALSE,FALSE,1
3,scene#3(img).png,scene#3(choose).png,NORMAL,MainTheme.mp3,NORMAL,,,,scene#3.txt,"2060년 환경오염과 기후위기로
최악의 상황에 몰린 지구는
하루 하루 다르게 메말라 간다.

소수의 특권층들은
안전한 삶을 영위하고 있지만
과학의 발전으로 인해
대부분의 노동자들은
'안드로이드'에게 일자리를 뺏기고
힘들게 살아 가고 있다.

노동 계급들에게 유일한 희망은
다른 행성으로 이주하여
새로운 삶을 찾을 수 있는
뉴 프론티어 프로젝트에
참여하는 것이다.

2060년 06월 05일
하루하루 일용직으로 연명해가던
'톰 블레이크'는 가까스로
프로젝트에 참여하게 된다.",얼마나 시간이 흘렀을까…,,,1,4,,,FALSE,FALSE,FALSE,1
4,scene#4(img).png,scene#4(choose).png,SHAKE,MainTheme.mp3,NORMAL,siren.mp3,0:05,NORMAL,scene#4.txt,"2060년 환경오염과 기후위기로
최악의 상황에 몰린 지구는
하루 하루 다르게 메말라 간다.

소수의 특권층들은
안전한 삶을 영위하고 있지만
과학의 발전으로 인해
대부분의 노동자들은
'안드로이드'에게 일자리를 뺏기고
힘들게 살아 가고 있다.

노동 계급들에게 유일한 희망은
다른 행성으로 이주하여
새로운 삶을 찾을 수 있는
뉴 프론티어 프로젝트에
참여하는 것이다.

2060년 06월 05일
하루하루 일용직으로 연명해가던
'톰 블레이크'는 가까스로
프로젝트에 참여하게 된다.",밖으로 나가 상황을 살펴본다.,,,1,5,,,FALSE,FALSE,FALSE,1
5,scene#5(img).png,scene#5(choose).png,NORMAL,MainTheme.mp3,NORMAL,flamethrower.mp3,0:05,NORMAL,scene#5.txt,"2060년 환경오염과 기후위기로
최악의 상황에 몰린 지구는
하루 하루 다르게 메말라 간다.

소수의 특권층들은
안전한 삶을 영위하고 있지만
과학의 발전으로 인해
대부분의 노동자들은
'안드로이드'에게 일자리를 뺏기고
힘들게 살아 가고 있다.

노동 계급들에게 유일한 희망은
다른 행성으로 이주하여
새로운 삶을 찾을 수 있는
뉴 프론티어 프로젝트에
참여하는 것이다.

2060년 06월 05일
하루하루 일용직으로 연명해가던
'톰 블레이크'는 가까스로
프로젝트에 참여하게 된다.",왼쪽으로 간다,오른쪽으로 간다.,상황을 지켜본다.,3,6,8,7,FALSE,FALSE,FALSE,3
6,scene#6(img).png,scene#6(choose).png,NORMAL,horror2.mp3,NORMAL,horror.mp3,0:04,NORMAL,scene#6.txt,"2060년 환경오염과 기후위기로
최악의 상황에 몰린 지구는
하루 하루 다르게 메말라 간다.

소수의 특권층들은
안전한 삶을 영위하고 있지만
과학의 발전으로 인해
대부분의 노동자들은
'안드로이드'에게 일자리를 뺏기고
힘들게 살아 가고 있다.

노동 계급들에게 유일한 희망은
다른 행성으로 이주하여
새로운 삶을 찾을 수 있는
뉴 프론티어 프로젝트에
참여하는 것이다.

2060년 06월 05일
하루하루 일용직으로 연명해가던
'톰 블레이크'는 가까스로
프로젝트에 참여하게 된다.",다시 돌아가 선택할 수만 있다면..,,,1,4,,,FALSE,FALSE,FALSE,1
7,scene#7(img).png,scene#7(choose).png,NORMAL,horror2.mp3,NORMAL,horror.mp3,0:04,NORMAL,scene#7.txt,"2060년 환경오염과 기후위기로
최악의 상황에 몰린 지구는
하루 하루 다르게 메말라 간다.

소수의 특권층들은
안전한 삶을 영위하고 있지만
과학의 발전으로 인해
대부분의 노동자들은
'안드로이드'에게 일자리를 뺏기고
힘들게 살아 가고 있다.

노동 계급들에게 유일한 희망은
다른 행성으로 이주하여
새로운 삶을 찾을 수 있는
뉴 프론티어 프로젝트에
참여하는 것이다.

2060년 06월 05일
하루하루 일용직으로 연명해가던
'톰 블레이크'는 가까스로
프로젝트에 참여하게 된다.",다시 돌아가 선택할 수만 있다면..,,,1,4,,,FALSE,FALSE,FALSE,1
8,scene#8(img).png,scene#8(choose).png,NORMAL,MainTheme.mp3,NORMAL,walking.mp3,0:09,NORMAL,scene#8.txt,"2060년 환경오염과 기후위기로
최악의 상황에 몰린 지구는
하루 하루 다르게 메말라 간다.

소수의 특권층들은
안전한 삶을 영위하고 있지만
과학의 발전으로 인해
대부분의 노동자들은
'안드로이드'에게 일자리를 뺏기고
힘들게 살아 가고 있다.

노동 계급들에게 유일한 희망은
다른 행성으로 이주하여
새로운 삶을 찾을 수 있는
뉴 프론티어 프로젝트에
참여하는 것이다.

2060년 06월 05일
하루하루 일용직으로 연명해가던
'톰 블레이크'는 가까스로
프로젝트에 참여하게 된다.",조심스럽게 엔진룸으로 이동한다.,,,1,9,,,FALSE,FALSE,FALSE,1
9,scene#9(img).png,scene#9(choose).png,NORMAL,MainTheme.mp3,NORMAL,,,,scene#9.txt,"2060년 환경오염과 기후위기로
최악의 상황에 몰린 지구는
하루 하루 다르게 메말라 간다.

소수의 특권층들은
안전한 삶을 영위하고 있지만
과학의 발전으로 인해
대부분의 노동자들은
'안드로이드'에게 일자리를 뺏기고
힘들게 살아 가고 있다.

노동 계급들에게 유일한 희망은
다른 행성으로 이주하여
새로운 삶을 찾을 수 있는
뉴 프론티어 프로젝트에
참여하는 것이다.

2060년 06월 05일
하루하루 일용직으로 연명해가던
'톰 블레이크'는 가까스로
프로젝트에 참여하게 된다.",선뜻 워킹조를 도와준다.,워킹조를 경계하며 지나친다.,,2,10,12,,FALSE,FALSE,FALSE,2
10,scene#10(img).png,scene#10(choose).png,NORMAL,horror2.mp3,NORMAL,horror.mp3,0:04,NORMAL,scene#10.txt,"2060년 환경오염과 기후위기로
최악의 상황에 몰린 지구는
하루 하루 다르게 메말라 간다.

소수의 특권층들은
안전한 삶을 영위하고 있지만
과학의 발전으로 인해
대부분의 노동자들은
'안드로이드'에게 일자리를 뺏기고
힘들게 살아 가고 있다.

노동 계급들에게 유일한 희망은
다른 행성으로 이주하여
새로운 삶을 찾을 수 있는
뉴 프론티어 프로젝트에
참여하는 것이다.

2060년 06월 05일
하루하루 일용직으로 연명해가던
'톰 블레이크'는 가까스로
프로젝트에 참여하게 된다.",다시 돌아가 선택할 수만 있다면..,,,1,5,,,FALSE,FALSE,FALSE,1
11,scene#11(img).png,scene#11(choose).png,NORMAL,horror2.mp3,NORMAL,horror.mp3,0:04,NORMAL,scene#11.txt,"2060년 환경오염과 기후위기로
최악의 상황에 몰린 지구는
하루 하루 다르게 메말라 간다.

소수의 특권층들은
안전한 삶을 영위하고 있지만
과학의 발전으로 인해
대부분의 노동자들은
'안드로이드'에게 일자리를 뺏기고
힘들게 살아 가고 있다.

노동 계급들에게 유일한 희망은
다른 행성으로 이주하여
새로운 삶을 찾을 수 있는
뉴 프론티어 프로젝트에
참여하는 것이다.

2060년 06월 05일
하루하루 일용직으로 연명해가던
'톰 블레이크'는 가까스로
프로젝트에 참여하게 된다.",다시 돌아가 선택할 수만 있다면..,,,1,5,,,FALSE,FALSE,FALSE,1
12,scene#12(img).png,scene#12(choose).png,NORMAL,MainTheme.mp3,NORMAL,,,,scene#12.txt,"2060년 환경오염과 기후위기로
최악의 상황에 몰린 지구는
하루 하루 다르게 메말라 간다.

소수의 특권층들은
안전한 삶을 영위하고 있지만
과학의 발전으로 인해
대부분의 노동자들은
'안드로이드'에게 일자리를 뺏기고
힘들게 살아 가고 있다.

노동 계급들에게 유일한 희망은
다른 행성으로 이주하여
새로운 삶을 찾을 수 있는
뉴 프론티어 프로젝트에
참여하는 것이다.

2060년 06월 05일
하루하루 일용직으로 연명해가던
'톰 블레이크'는 가까스로
프로젝트에 참여하게 된다.",자세히 살펴보러 다가간다.,지나온 중앙 통로로 도망친다.,,2,11,13,,FALSE,FALSE,FALSE,2
13,scene#13(img).png,scene#13(choose).png,NORMAL,MainTheme.mp3,NORMAL,running.mp3,0:06,NORMAL,scene#13.txt,"2060년 환경오염과 기후위기로
최악의 상황에 몰린 지구는
하루 하루 다르게 메말라 간다.

소수의 특권층들은
안전한 삶을 영위하고 있지만
과학의 발전으로 인해
대부분의 노동자들은
'안드로이드'에게 일자리를 뺏기고
힘들게 살아 가고 있다.

노동 계급들에게 유일한 희망은
다른 행성으로 이주하여
새로운 삶을 찾을 수 있는
뉴 프론티어 프로젝트에
참여하는 것이다.

2060년 06월 05일
하루하루 일용직으로 연명해가던
'톰 블레이크'는 가까스로
프로젝트에 참여하게 된다.",계속 도망친다.,맞서 싸운다.,,2,14,15,,FALSE,FALSE,FALSE,2
14,scene#14(img).png,scene#14(choose).png,NORMAL,horror2.mp3,NORMAL,horror.mp3,0:04,NORMAL,scene#14.txt,"2060년 환경오염과 기후위기로
최악의 상황에 몰린 지구는
하루 하루 다르게 메말라 간다.

소수의 특권층들은
안전한 삶을 영위하고 있지만
과학의 발전으로 인해
대부분의 노동자들은
'안드로이드'에게 일자리를 뺏기고
힘들게 살아 가고 있다.

노동 계급들에게 유일한 희망은
다른 행성으로 이주하여
새로운 삶을 찾을 수 있는
뉴 프론티어 프로젝트에
참여하는 것이다.

2060년 06월 05일
하루하루 일용직으로 연명해가던
'톰 블레이크'는 가까스로
프로젝트에 참여하게 된다.",다시 돌아가 선택할 수만 있다면..,,,1,9,,,FALSE,FALSE,FALSE,1
15,scene#15(img).png,scene#15(choose).png,SHAKE,MainTheme.mp3,NORMAL,break.mp3,0:04,NORMAL,scene#15.txt,"2060년 환경오염과 기후위기로
최악의 상황에 몰린 지구는
하루 하루 다르게 메말라 간다.

소수의 특권층들은
안전한 삶을 영위하고 있지만
과학의 발전으로 인해
대부분의 노동자들은
'안드로이드'에게 일자리를 뺏기고
힘들게 살아 가고 있다.

노동 계급들에게 유일한 희망은
다른 행성으로 이주하여
새로운 삶을 찾을 수 있는
뉴 프론티어 프로젝트에
참여하는 것이다.

2060년 06월 05일
하루하루 일용직으로 연명해가던
'톰 블레이크'는 가까스로
프로젝트에 참여하게 된다.",엔진룸으로 향한다.,,,1,16,,,FALSE,FALSE,FALSE,1
16,scene#16(img).png,scene#16(choose).png,NORMAL,MainTheme.mp3,NORMAL,gateopen,0:03,NORMAL,scene#16.txt,"2060년 환경오염과 기후위기로
최악의 상황에 몰린 지구는
하루 하루 다르게 메말라 간다.

소수의 특권층들은
안전한 삶을 영위하고 있지만
과학의 발전으로 인해
대부분의 노동자들은
'안드로이드'에게 일자리를 뺏기고
힘들게 살아 가고 있다.

노동 계급들에게 유일한 희망은
다른 행성으로 이주하여
새로운 삶을 찾을 수 있는
뉴 프론티어 프로젝트에
참여하는 것이다.

2060년 06월 05일
하루하루 일용직으로 연명해가던
'톰 블레이크'는 가까스로
프로젝트에 참여하게 된다.",엔진룸을 떠나 탈출포트로 향한다.,,,1,17,,,FALSE,FALSE,FALSE,1
17,scene#17(img).png,scene#17(choose).png,NORMAL,MainTheme.mp3,NORMAL,,,,scene#17.txt,"2060년 환경오염과 기후위기로
최악의 상황에 몰린 지구는
하루 하루 다르게 메말라 간다.

소수의 특권층들은
안전한 삶을 영위하고 있지만
과학의 발전으로 인해
대부분의 노동자들은
'안드로이드'에게 일자리를 뺏기고
힘들게 살아 가고 있다.

노동 계급들에게 유일한 희망은
다른 행성으로 이주하여
새로운 삶을 찾을 수 있는
뉴 프론티어 프로젝트에
참여하는 것이다.

2060년 06월 05일
하루하루 일용직으로 연명해가던
'톰 블레이크'는 가까스로
프로젝트에 참여하게 된다.",환풍구를 통해 지나간다.,발 밑을 조심하며 복도를 걷는다.,,2,18,19,,FALSE,FALSE,FALSE,2
18,scene#18(img).png,scene#18(choose).png,NORMAL,horror2.mp3,NORMAL,horror.mp3,0:04,NORMAL,scene#18.txt,"2060년 환경오염과 기후위기로
최악의 상황에 몰린 지구는
하루 하루 다르게 메말라 간다.

소수의 특권층들은
안전한 삶을 영위하고 있지만
과학의 발전으로 인해
대부분의 노동자들은
'안드로이드'에게 일자리를 뺏기고
힘들게 살아 가고 있다.

노동 계급들에게 유일한 희망은
다른 행성으로 이주하여
새로운 삶을 찾을 수 있는
뉴 프론티어 프로젝트에
참여하는 것이다.

2060년 06월 05일
하루하루 일용직으로 연명해가던
'톰 블레이크'는 가까스로
프로젝트에 참여하게 된다.",다시 돌아가 선택할 수만 있다면..,처음부터 다시 시작한다.,,2,13,4,,FALSE,FALSE,FALSE,2
19,scene#19(img).png,scene#19(choose).png,NORMAL,MainTheme.mp3,NORMAL,,,,scene#19.txt,"2060년 환경오염과 기후위기로
최악의 상황에 몰린 지구는
하루 하루 다르게 메말라 간다.

소수의 특권층들은
안전한 삶을 영위하고 있지만
과학의 발전으로 인해
대부분의 노동자들은
'안드로이드'에게 일자리를 뺏기고
힘들게 살아 가고 있다.

노동 계급들에게 유일한 희망은
다른 행성으로 이주하여
새로운 삶을 찾을 수 있는
뉴 프론티어 프로젝트에
참여하는 것이다.

2060년 06월 05일
하루하루 일용직으로 연명해가던
'톰 블레이크'는 가까스로
프로젝트에 참여하게 된다.",침착하게 발을 떼내려 한다.,신발을 버리고 재빨리 뛴다.,,2,20,21,,FALSE,FALSE,FALSE,2
20,scene#20(img).png,scene#20(choose).png,NORMAL,horror2.mp3,NORMAL,horror.mp3,0:04,NORMAL,scene#20.txt,"2060년 환경오염과 기후위기로
최악의 상황에 몰린 지구는
하루 하루 다르게 메말라 간다.

소수의 특권층들은
안전한 삶을 영위하고 있지만
과학의 발전으로 인해
대부분의 노동자들은
'안드로이드'에게 일자리를 뺏기고
힘들게 살아 가고 있다.

노동 계급들에게 유일한 희망은
다른 행성으로 이주하여
새로운 삶을 찾을 수 있는
뉴 프론티어 프로젝트에
참여하는 것이다.

2060년 06월 05일
하루하루 일용직으로 연명해가던
'톰 블레이크'는 가까스로
프로젝트에 참여하게 된다.",다시 돌아가 선택할 수만 있다면..,처음부터 다시 시작한다.,,2,17,4,,FALSE,FALSE,FALSE,2
21,scene#21(img).png,scene#21(choose).png,NORMAL,MainTheme.mp3,NORMAL,running.mp3,0:06,NORMAL,scene#21.txt,"2060년 환경오염과 기후위기로
최악의 상황에 몰린 지구는
하루 하루 다르게 메말라 간다.

소수의 특권층들은
안전한 삶을 영위하고 있지만
과학의 발전으로 인해
대부분의 노동자들은
'안드로이드'에게 일자리를 뺏기고
힘들게 살아 가고 있다.

노동 계급들에게 유일한 희망은
다른 행성으로 이주하여
새로운 삶을 찾을 수 있는
뉴 프론티어 프로젝트에
참여하는 것이다.

2060년 06월 05일
하루하루 일용직으로 연명해가던
'톰 블레이크'는 가까스로
프로젝트에 참여하게 된다.",통제실로 들어간다.,,,1,22,,,FALSE,FALSE,FALSE,1
22,scene#22(img).png,scene#22(choose).png,NORMAL,MainTheme.mp3,NORMAL,gateopen,0:03,NORMAL,scene#22.txt,"2060년 환경오염과 기후위기로
최악의 상황에 몰린 지구는
하루 하루 다르게 메말라 간다.

소수의 특권층들은
안전한 삶을 영위하고 있지만
과학의 발전으로 인해
대부분의 노동자들은
'안드로이드'에게 일자리를 뺏기고
힘들게 살아 가고 있다.

노동 계급들에게 유일한 희망은
다른 행성으로 이주하여
새로운 삶을 찾을 수 있는
뉴 프론티어 프로젝트에
참여하는 것이다.

2060년 06월 05일
하루하루 일용직으로 연명해가던
'톰 블레이크'는 가까스로
프로젝트에 참여하게 된다.",통제실을 떠나 복도로 나간다,환풍구로 간다,,2,24,23,,FALSE,FALSE,FALSE,2
23,scene#23(img).png,scene#23(choose).png,NORMAL,horror2.mp3,NORMAL,horror.mp3,0:04,NORMAL,scene#23.txt,"2060년 환경오염과 기후위기로
최악의 상황에 몰린 지구는
하루 하루 다르게 메말라 간다.

소수의 특권층들은
안전한 삶을 영위하고 있지만
과학의 발전으로 인해
대부분의 노동자들은
'안드로이드'에게 일자리를 뺏기고
힘들게 살아 가고 있다.

노동 계급들에게 유일한 희망은
다른 행성으로 이주하여
새로운 삶을 찾을 수 있는
뉴 프론티어 프로젝트에
참여하는 것이다.

2060년 06월 05일
하루하루 일용직으로 연명해가던
'톰 블레이크'는 가까스로
프로젝트에 참여하게 된다.",다시 돌아가 선택할 수만 있다면..,처음부터 다시 시작한다.,,2,19,4,,FALSE,FALSE,FALSE,2
24,scene#24(img).png,scene#24(choose).png,NORMAL,MainTheme.mp3,NORMAL,,,,scene#24.txt,"2060년 환경오염과 기후위기로
최악의 상황에 몰린 지구는
하루 하루 다르게 메말라 간다.

소수의 특권층들은
안전한 삶을 영위하고 있지만
과학의 발전으로 인해
대부분의 노동자들은
'안드로이드'에게 일자리를 뺏기고
힘들게 살아 가고 있다.

노동 계급들에게 유일한 희망은
다른 행성으로 이주하여
새로운 삶을 찾을 수 있는
뉴 프론티어 프로젝트에
참여하는 것이다.

2060년 06월 05일
하루하루 일용직으로 연명해가던
'톰 블레이크'는 가까스로
프로젝트에 참여하게 된다.",통제실로 다시 돌아간다,,,1,25,,,FALSE,FALSE,FALSE,1
25,scene#25(img).png,scene#25(choose).png,NORMAL,MainTheme.mp3,NORMAL,knock,0:02,NORMAL,scene#25.txt,"2060년 환경오염과 기후위기로
최악의 상황에 몰린 지구는
하루 하루 다르게 메말라 간다.

소수의 특권층들은
안전한 삶을 영위하고 있지만
과학의 발전으로 인해
대부분의 노동자들은
'안드로이드'에게 일자리를 뺏기고
힘들게 살아 가고 있다.

노동 계급들에게 유일한 희망은
다른 행성으로 이주하여
새로운 삶을 찾을 수 있는
뉴 프론티어 프로젝트에
참여하는 것이다.

2060년 06월 05일
하루하루 일용직으로 연명해가던
'톰 블레이크'는 가까스로
프로젝트에 참여하게 된다.",정체 모를 이'를 통제실로 들인다,문을 열어선 안될 것 같다,,2,28,26,,FALSE,FALSE,FALSE,2
26,scene#26(img).png,scene#26(choose).png,NORMAL,MainTheme.mp3,NORMAL,,,,scene#26.txt,"2060년 환경오염과 기후위기로
최악의 상황에 몰린 지구는
하루 하루 다르게 메말라 간다.

소수의 특권층들은
안전한 삶을 영위하고 있지만
과학의 발전으로 인해
대부분의 노동자들은
'안드로이드'에게 일자리를 뺏기고
힘들게 살아 가고 있다.

노동 계급들에게 유일한 희망은
다른 행성으로 이주하여
새로운 삶을 찾을 수 있는
뉴 프론티어 프로젝트에
참여하는 것이다.

2060년 06월 05일
하루하루 일용직으로 연명해가던
'톰 블레이크'는 가까스로
프로젝트에 참여하게 된다.",책상 밑으로 숨는다,의자 등 물건으로 문을 막아본다,,2,261,27,,FALSE,FALSE,FALSE,2
27,scene#27(img).png,scene#27(choose).png,NORMAL,horror2.mp3,NORMAL,horror.mp3,0:04,NORMAL,scene#27.txt,"2060년 환경오염과 기후위기로
최악의 상황에 몰린 지구는
하루 하루 다르게 메말라 간다.

소수의 특권층들은
안전한 삶을 영위하고 있지만
과학의 발전으로 인해
대부분의 노동자들은
'안드로이드'에게 일자리를 뺏기고
힘들게 살아 가고 있다.

노동 계급들에게 유일한 희망은
다른 행성으로 이주하여
새로운 삶을 찾을 수 있는
뉴 프론티어 프로젝트에
참여하는 것이다.

2060년 06월 05일
하루하루 일용직으로 연명해가던
'톰 블레이크'는 가까스로
프로젝트에 참여하게 된다.",다시 돌아가 선택할 수만 있다면..,처음부터 다시 시작한다.,,2,25,4,,FALSE,FALSE,FALSE,2
28,scene#28(img).png,scene#28(choose).png,NORMAL,MainTheme.mp3,NORMAL,,,,scene#28.txt,"2060년 환경오염과 기후위기로
최악의 상황에 몰린 지구는
하루 하루 다르게 메말라 간다.

소수의 특권층들은
안전한 삶을 영위하고 있지만
과학의 발전으로 인해
대부분의 노동자들은
'안드로이드'에게 일자리를 뺏기고
힘들게 살아 가고 있다.

노동 계급들에게 유일한 희망은
다른 행성으로 이주하여
새로운 삶을 찾을 수 있는
뉴 프론티어 프로젝트에
참여하는 것이다.

2060년 06월 05일
하루하루 일용직으로 연명해가던
'톰 블레이크'는 가까스로
프로젝트에 참여하게 된다.",놈들에게 맞서 싸운다.,탈출로를 모색한다.,,2,30,29,,FALSE,FALSE,FALSE,2
29,scene#29(img).png,scene#29(choose).png,NORMAL,horror2.mp3,NORMAL,horror.mp3,0:04,NORMAL,scene#29.txt,"2060년 환경오염과 기후위기로
최악의 상황에 몰린 지구는
하루 하루 다르게 메말라 간다.

소수의 특권층들은
안전한 삶을 영위하고 있지만
과학의 발전으로 인해
대부분의 노동자들은
'안드로이드'에게 일자리를 뺏기고
힘들게 살아 가고 있다.

노동 계급들에게 유일한 희망은
다른 행성으로 이주하여
새로운 삶을 찾을 수 있는
뉴 프론티어 프로젝트에
참여하는 것이다.

2060년 06월 05일
하루하루 일용직으로 연명해가던
'톰 블레이크'는 가까스로
프로젝트에 참여하게 된다.",다시 돌아가 선택할 수만 있다면..,처음부터 다시 시작한다.,,2,25,4,,FALSE,FALSE,FALSE,2
30,scene#30(img).png,scene#30(choose).png,SHAKE,MainTheme.mp3,NORMAL,break.mp3,0:04,NORMAL,scene#30.txt,"2060년 환경오염과 기후위기로
최악의 상황에 몰린 지구는
하루 하루 다르게 메말라 간다.

소수의 특권층들은
안전한 삶을 영위하고 있지만
과학의 발전으로 인해
대부분의 노동자들은
'안드로이드'에게 일자리를 뺏기고
힘들게 살아 가고 있다.

노동 계급들에게 유일한 희망은
다른 행성으로 이주하여
새로운 삶을 찾을 수 있는
뉴 프론티어 프로젝트에
참여하는 것이다.

2060년 06월 05일
하루하루 일용직으로 연명해가던
'톰 블레이크'는 가까스로
프로젝트에 참여하게 된다.",죽은 존을 애도하고 함교로 간다.,,,1,31,,,FALSE,FALSE,FALSE,1
31,scene#31(img).png,scene#31(choose).png,NORMAL,MainTheme.mp3,NORMAL,walking.mp3,0:09,NORMAL,scene#31.txt,"2060년 환경오염과 기후위기로
최악의 상황에 몰린 지구는
하루 하루 다르게 메말라 간다.

소수의 특권층들은
안전한 삶을 영위하고 있지만
과학의 발전으로 인해
대부분의 노동자들은
'안드로이드'에게 일자리를 뺏기고
힘들게 살아 가고 있다.

노동 계급들에게 유일한 희망은
다른 행성으로 이주하여
새로운 삶을 찾을 수 있는
뉴 프론티어 프로젝트에
참여하는 것이다.

2060년 06월 05일
하루하루 일용직으로 연명해가던
'톰 블레이크'는 가까스로
프로젝트에 참여하게 된다.",함장으로 보이는 시체를 조사한다.,켜져 있는 컴퓨터를 조사한다.,,1,,,,FALSE,FALSE,FALSE,0
32,scene#32(img).png,scene#32(choose).png,NORMAL,MainTheme.mp3,NORMAL,,,,scene#32.txt,"2060년 환경오염과 기후위기로
최악의 상황에 몰린 지구는
하루 하루 다르게 메말라 간다.

소수의 특권층들은
안전한 삶을 영위하고 있지만
과학의 발전으로 인해
대부분의 노동자들은
'안드로이드'에게 일자리를 뺏기고
힘들게 살아 가고 있다.

노동 계급들에게 유일한 희망은
다른 행성으로 이주하여
새로운 삶을 찾을 수 있는
뉴 프론티어 프로젝트에
참여하는 것이다.

2060년 06월 05일
하루하루 일용직으로 연명해가던
'톰 블레이크'는 가까스로
프로젝트에 참여하게 된다.",이제 무기고로 향할 시간이다...,,,1,,,,FALSE,FALSE,TRUE,0
33,scene#33(img).png,scene#33(choose).png,NORMAL,MainTheme.mp3,NORMAL,,,,scene#33.txt,"2060년 환경오염과 기후위기로
최악의 상황에 몰린 지구는
하루 하루 다르게 메말라 간다.

소수의 특권층들은
안전한 삶을 영위하고 있지만
과학의 발전으로 인해
대부분의 노동자들은
'안드로이드'에게 일자리를 뺏기고
힘들게 살아 가고 있다.

노동 계급들에게 유일한 희망은
다른 행성으로 이주하여
새로운 삶을 찾을 수 있는
뉴 프론티어 프로젝트에
참여하는 것이다.

2060년 06월 05일
하루하루 일용직으로 연명해가던
'톰 블레이크'는 가까스로
프로젝트에 참여하게 된다.",20600714,20600605,,2,34,35,,FALSE,FALSE,FALSE,2
34,scene#34(img).png,scene#34(choose).png,NORMAL,MainTheme.mp3,NORMAL,,,,scene#34.txt,"2060년 환경오염과 기후위기로
최악의 상황에 몰린 지구는
하루 하루 다르게 메말라 간다.

소수의 특권층들은
안전한 삶을 영위하고 있지만
과학의 발전으로 인해
대부분의 노동자들은
'안드로이드'에게 일자리를 뺏기고
힘들게 살아 가고 있다.

노동 계급들에게 유일한 희망은
다른 행성으로 이주하여
새로운 삶을 찾을 수 있는
뉴 프론티어 프로젝트에
참여하는 것이다.

2060년 06월 05일
하루하루 일용직으로 연명해가던
'톰 블레이크'는 가까스로
프로젝트에 참여하게 된다.",이제 무기고로 향할 시간이다...,,,1,36,,,TRUE,FALSE,FALSE,1
35,scene#35(img).png,scene#35(choose).png,NORMAL,MainTheme.mp3,NORMAL,running.mp3,0:06,NORMAL,scene#35.txt,"2060년 환경오염과 기후위기로
최악의 상황에 몰린 지구는
하루 하루 다르게 메말라 간다.

소수의 특권층들은
안전한 삶을 영위하고 있지만
과학의 발전으로 인해
대부분의 노동자들은
'안드로이드'에게 일자리를 뺏기고
힘들게 살아 가고 있다.

노동 계급들에게 유일한 희망은
다른 행성으로 이주하여
새로운 삶을 찾을 수 있는
뉴 프론티어 프로젝트에
참여하는 것이다.

2060년 06월 05일
하루하루 일용직으로 연명해가던
'톰 블레이크'는 가까스로
프로젝트에 참여하게 된다.",이제 무기고로 향할 시간이다...,,,1,36,,,FALSE,TRUE,FALSE,1
36,scene#36(img).png,scene#36(choose).png,NORMAL,MainTheme.mp3,NORMAL,gateopen,0:03,NORMAL,scene#36.txt,"2060년 환경오염과 기후위기로
최악의 상황에 몰린 지구는
하루 하루 다르게 메말라 간다.

소수의 특권층들은
안전한 삶을 영위하고 있지만
과학의 발전으로 인해
대부분의 노동자들은
'안드로이드'에게 일자리를 뺏기고
힘들게 살아 가고 있다.

노동 계급들에게 유일한 희망은
다른 행성으로 이주하여
새로운 삶을 찾을 수 있는
뉴 프론티어 프로젝트에
참여하는 것이다.

2060년 06월 05일
하루하루 일용직으로 연명해가던
'톰 블레이크'는 가까스로
프로젝트에 참여하게 된다.",화염 방사기를 선택한다,가우스 라이플을 선택한다,플레어를 선택한다,3,37,41,43,FALSE,FALSE,FALSE,3
37,scene#37(img).png,scene#37(choose).png,NORMAL,MainTheme.mp3,NORMAL,,,,scene#37.txt,"2060년 환경오염과 기후위기로
최악의 상황에 몰린 지구는
하루 하루 다르게 메말라 간다.

소수의 특권층들은
안전한 삶을 영위하고 있지만
과학의 발전으로 인해
대부분의 노동자들은
'안드로이드'에게 일자리를 뺏기고
힘들게 살아 가고 있다.

노동 계급들에게 유일한 희망은
다른 행성으로 이주하여
새로운 삶을 찾을 수 있는
뉴 프론티어 프로젝트에
참여하는 것이다.

2060년 06월 05일
하루하루 일용직으로 연명해가던
'톰 블레이크'는 가까스로
프로젝트에 참여하게 된다.",정체 모를 무언가와 전투를 준비한다,도망친다,,2,38,39,,,,,2
38,scene#38(img).png,scene#38(choose).png,NORMAL,horror2.mp3,NORMAL,horror.mp3,0:04,NORMAL,scene#38.txt,"2060년 환경오염과 기후위기로
최악의 상황에 몰린 지구는
하루 하루 다르게 메말라 간다.

소수의 특권층들은
안전한 삶을 영위하고 있지만
과학의 발전으로 인해
대부분의 노동자들은
'안드로이드'에게 일자리를 뺏기고
힘들게 살아 가고 있다.

노동 계급들에게 유일한 희망은
다른 행성으로 이주하여
새로운 삶을 찾을 수 있는
뉴 프론티어 프로젝트에
참여하는 것이다.

2060년 06월 05일
하루하루 일용직으로 연명해가던
'톰 블레이크'는 가까스로
프로젝트에 참여하게 된다.",다시 돌아가 선택할 수만 있다면..,처음부터 다시 시작한다.,,2,36,4,,,,,2
39,scene#39(img).png,scene#39(choose).png,NORMAL,MainTheme.mp3,NORMAL,,,,scene#39.txt,"2060년 환경오염과 기후위기로
최악의 상황에 몰린 지구는
하루 하루 다르게 메말라 간다.

소수의 특권층들은
안전한 삶을 영위하고 있지만
과학의 발전으로 인해
대부분의 노동자들은
'안드로이드'에게 일자리를 뺏기고
힘들게 살아 가고 있다.

노동 계급들에게 유일한 희망은
다른 행성으로 이주하여
새로운 삶을 찾을 수 있는
뉴 프론티어 프로젝트에
참여하는 것이다.

2060년 06월 05일
하루하루 일용직으로 연명해가던
'톰 블레이크'는 가까스로
프로젝트에 참여하게 된다.",불을 뿜어 위협한다,가까이 올때까지 기다렸다가 발사한다,,2,40,391,,,,,2
40,scene#40(img).png,scene#40(choose).png,NORMAL,horror2.mp3,NORMAL,horror.mp3,0:04,NORMAL,scene#40.txt,"2060년 환경오염과 기후위기로
최악의 상황에 몰린 지구는
하루 하루 다르게 메말라 간다.

소수의 특권층들은
안전한 삶을 영위하고 있지만
과학의 발전으로 인해
대부분의 노동자들은
'안드로이드'에게 일자리를 뺏기고
힘들게 살아 가고 있다.

노동 계급들에게 유일한 희망은
다른 행성으로 이주하여
새로운 삶을 찾을 수 있는
뉴 프론티어 프로젝트에
참여하는 것이다.

2060년 06월 05일
하루하루 일용직으로 연명해가던
'톰 블레이크'는 가까스로
프로젝트에 참여하게 된다.",다시 돌아가 선택할 수만 있다면..,처음부터 다시 시작한다.,,2,37,4,,,,,2
41,scene#41(img).png,scene#41(choose).png,NORMAL,MainTheme.mp3,NORMAL,,,,scene#41.txt,"2060년 환경오염과 기후위기로
최악의 상황에 몰린 지구는
하루 하루 다르게 메말라 간다.

소수의 특권층들은
안전한 삶을 영위하고 있지만
과학의 발전으로 인해
대부분의 노동자들은
'안드로이드'에게 일자리를 뺏기고
힘들게 살아 가고 있다.

노동 계급들에게 유일한 희망은
다른 행성으로 이주하여
새로운 삶을 찾을 수 있는
뉴 프론티어 프로젝트에
참여하는 것이다.

2060년 06월 05일
하루하루 일용직으로 연명해가던
'톰 블레이크'는 가까스로
프로젝트에 참여하게 된다.",싸운다,도망친다,,2,411,42,,,,,2
42,scene#42(img).png,scene#42(choose).png,NORMAL,horror2.mp3,NORMAL,horror.mp3,0:04,NORMAL,scene#42.txt,"2060년 환경오염과 기후위기로
최악의 상황에 몰린 지구는
하루 하루 다르게 메말라 간다.

소수의 특권층들은
안전한 삶을 영위하고 있지만
과학의 발전으로 인해
대부분의 노동자들은
'안드로이드'에게 일자리를 뺏기고
힘들게 살아 가고 있다.

노동 계급들에게 유일한 희망은
다른 행성으로 이주하여
새로운 삶을 찾을 수 있는
뉴 프론티어 프로젝트에
참여하는 것이다.

2060년 06월 05일
하루하루 일용직으로 연명해가던
'톰 블레이크'는 가까스로
프로젝트에 참여하게 된다.",다시 돌아가 선택할 수만 있다면..,처음부터 다시 시작한다.,,2,36,4,,,,,2
43,scene#43(img).png,scene#43(choose).png,NORMAL,MainTheme.mp3,NORMAL,,,,scene#43.txt,"2060년 환경오염과 기후위기로
최악의 상황에 몰린 지구는
하루 하루 다르게 메말라 간다.

소수의 특권층들은
안전한 삶을 영위하고 있지만
과학의 발전으로 인해
대부분의 노동자들은
'안드로이드'에게 일자리를 뺏기고
힘들게 살아 가고 있다.

노동 계급들에게 유일한 희망은
다른 행성으로 이주하여
새로운 삶을 찾을 수 있는
뉴 프론티어 프로젝트에
참여하는 것이다.

2060년 06월 05일
하루하루 일용직으로 연명해가던
'톰 블레이크'는 가까스로
프로젝트에 참여하게 된다.",싸운다,도망친다,,2,44,45,,,,,2
44,scene#44(img).png,scene#44(choose).png,NORMAL,horror2.mp3,NORMAL,horror.mp3,0:04,NORMAL,scene#44.txt,"2060년 환경오염과 기후위기로
최악의 상황에 몰린 지구는
하루 하루 다르게 메말라 간다.

소수의 특권층들은
안전한 삶을 영위하고 있지만
과학의 발전으로 인해
대부분의 노동자들은
'안드로이드'에게 일자리를 뺏기고
힘들게 살아 가고 있다.

노동 계급들에게 유일한 희망은
다른 행성으로 이주하여
새로운 삶을 찾을 수 있는
뉴 프론티어 프로젝트에
참여하는 것이다.

2060년 06월 05일
하루하루 일용직으로 연명해가던
'톰 블레이크'는 가까스로
프로젝트에 참여하게 된다.",다시 돌아가 선택할 수만 있다면..,처음부터 다시 시작한다.,,2,36,4,,,,,2
45,scene#45(img).png,scene#45(choose).png,NORMAL,MainTheme.mp3,NORMAL,running.mp3,0:06,NORMAL,scene#45.txt,"2060년 환경오염과 기후위기로
최악의 상황에 몰린 지구는
하루 하루 다르게 메말라 간다.

소수의 특권층들은
안전한 삶을 영위하고 있지만
과학의 발전으로 인해
대부분의 노동자들은
'안드로이드'에게 일자리를 뺏기고
힘들게 살아 가고 있다.

노동 계급들에게 유일한 희망은
다른 행성으로 이주하여
새로운 삶을 찾을 수 있는
뉴 프론티어 프로젝트에
참여하는 것이다.

2060년 06월 05일
하루하루 일용직으로 연명해가던
'톰 블레이크'는 가까스로
프로젝트에 참여하게 된다.",환풍구로 도망친다,계속 도망친다,이판사판으로 달려든다,3,451,47,46,,,,3
46,scene#46(img).png,scene#46(choose).png,NORMAL,horror2.mp3,NORMAL,horror.mp3,0:04,NORMAL,scene#46.txt,"2060년 환경오염과 기후위기로
최악의 상황에 몰린 지구는
하루 하루 다르게 메말라 간다.

소수의 특권층들은
안전한 삶을 영위하고 있지만
과학의 발전으로 인해
대부분의 노동자들은
'안드로이드'에게 일자리를 뺏기고
힘들게 살아 가고 있다.

노동 계급들에게 유일한 희망은
다른 행성으로 이주하여
새로운 삶을 찾을 수 있는
뉴 프론티어 프로젝트에
참여하는 것이다.

2060년 06월 05일
하루하루 일용직으로 연명해가던
'톰 블레이크'는 가까스로
프로젝트에 참여하게 된다.",다시 돌아가 선택할 수만 있다면..,처음부터 다시 시작한다.,,2,43,4,,,,,2
47,scene#47(img).png,scene#47(choose).png,NORMAL,horror2.mp3,NORMAL,horror.mp3,0:04,NORMAL,scene#47.txt,"2060년 환경오염과 기후위기로
최악의 상황에 몰린 지구는
하루 하루 다르게 메말라 간다.

소수의 특권층들은
안전한 삶을 영위하고 있지만
과학의 발전으로 인해
대부분의 노동자들은
'안드로이드'에게 일자리를 뺏기고
힘들게 살아 가고 있다.

노동 계급들에게 유일한 희망은
다른 행성으로 이주하여
새로운 삶을 찾을 수 있는
뉴 프론티어 프로젝트에
참여하는 것이다.

2060년 06월 05일
하루하루 일용직으로 연명해가던
'톰 블레이크'는 가까스로
프로젝트에 참여하게 된다.",다시 돌아가 선택할 수만 있다면..,처음부터 다시 시작한다.,,2,,4,,,,,3
48,scene#48(img).png,scene#48(choose).png,NORMAL,MainTheme.mp3,NORMAL,walking.mp3,0:09,NORMAL,scene#48.txt,"2060년 환경오염과 기후위기로
최악의 상황에 몰린 지구는
하루 하루 다르게 메말라 간다.

소수의 특권층들은
안전한 삶을 영위하고 있지만
과학의 발전으로 인해
대부분의 노동자들은
'안드로이드'에게 일자리를 뺏기고
힘들게 살아 가고 있다.

노동 계급들에게 유일한 희망은
다른 행성으로 이주하여
새로운 삶을 찾을 수 있는
뉴 프론티어 프로젝트에
참여하는 것이다.

2060년 06월 05일
하루하루 일용직으로 연명해가던
'톰 블레이크'는 가까스로
프로젝트에 참여하게 된다.",어쩔 수 없이 굴 안으로 들어간다.,,,,,,,,,,3
49,scene#49(img).png,scene#49(choose).png,NORMAL,MainTheme.mp3,NORMAL,,,,scene#49.txt,"2060년 환경오염과 기후위기로
최악의 상황에 몰린 지구는
하루 하루 다르게 메말라 간다.

소수의 특권층들은
안전한 삶을 영위하고 있지만
과학의 발전으로 인해
대부분의 노동자들은
'안드로이드'에게 일자리를 뺏기고
힘들게 살아 가고 있다.

노동 계급들에게 유일한 희망은
다른 행성으로 이주하여
새로운 삶을 찾을 수 있는
뉴 프론티어 프로젝트에
참여하는 것이다.

2060년 06월 05일
하루하루 일용직으로 연명해가던
'톰 블레이크'는 가까스로
프로젝트에 참여하게 된다.",후환이 남지 않도록 전부 제거한다.,진로 상의 알만 정리한다.,,,,,,,,,3
50,scene#50(img).png,scene#50(choose).png,NORMAL,horror2.mp3,NORMAL,,,,scene#50.txt,"2060년 환경오염과 기후위기로
최악의 상황에 몰린 지구는
하루 하루 다르게 메말라 간다.

소수의 특권층들은
안전한 삶을 영위하고 있지만
과학의 발전으로 인해
대부분의 노동자들은
'안드로이드'에게 일자리를 뺏기고
힘들게 살아 가고 있다.

노동 계급들에게 유일한 희망은
다른 행성으로 이주하여
새로운 삶을 찾을 수 있는
뉴 프론티어 프로젝트에
참여하는 것이다.

2060년 06월 05일
하루하루 일용직으로 연명해가던
'톰 블레이크'는 가까스로
프로젝트에 참여하게 된다.",다시 돌아가 선택할 수만 있다면..,처음부터 다시 시작한다.,,,,,,,,,3
51,scene#51(img).png,scene#51(choose).png,NORMAL,MainTheme.mp3,NORMAL,,,,scene#51.txt,"2060년 환경오염과 기후위기로
최악의 상황에 몰린 지구는
하루 하루 다르게 메말라 간다.

소수의 특권층들은
안전한 삶을 영위하고 있지만
과학의 발전으로 인해
대부분의 노동자들은
'안드로이드'에게 일자리를 뺏기고
힘들게 살아 가고 있다.

노동 계급들에게 유일한 희망은
다른 행성으로 이주하여
새로운 삶을 찾을 수 있는
뉴 프론티어 프로젝트에
참여하는 것이다.

2060년 06월 05일
하루하루 일용직으로 연명해가던
'톰 블레이크'는 가까스로
프로젝트에 참여하게 된다.",알을 터뜨리며 간다,그냥 간다,,,,,,,,,3
52,scene#52(img).png,scene#52(choose).png,NORMAL,horror2.mp3,NORMAL,,,,scene#52.txt,"2060년 환경오염과 기후위기로
최악의 상황에 몰린 지구는
하루 하루 다르게 메말라 간다.

소수의 특권층들은
안전한 삶을 영위하고 있지만
과학의 발전으로 인해
대부분의 노동자들은
'안드로이드'에게 일자리를 뺏기고
힘들게 살아 가고 있다.

노동 계급들에게 유일한 희망은
다른 행성으로 이주하여
새로운 삶을 찾을 수 있는
뉴 프론티어 프로젝트에
참여하는 것이다.

2060년 06월 05일
하루하루 일용직으로 연명해가던
'톰 블레이크'는 가까스로
프로젝트에 참여하게 된다.",다시 돌아가 선택할 수만 있다면..,처음부터 다시 시작한다.,,,,,,,,,3
53,scene#53(img).png,scene#53(choose).png,NORMAL,MainTheme.mp3,NORMAL,,,,scene#53.txt,"2060년 환경오염과 기후위기로
최악의 상황에 몰린 지구는
하루 하루 다르게 메말라 간다.

소수의 특권층들은
안전한 삶을 영위하고 있지만
과학의 발전으로 인해
대부분의 노동자들은
'안드로이드'에게 일자리를 뺏기고
힘들게 살아 가고 있다.

노동 계급들에게 유일한 희망은
다른 행성으로 이주하여
새로운 삶을 찾을 수 있는
뉴 프론티어 프로젝트에
참여하는 것이다.

2060년 06월 05일
하루하루 일용직으로 연명해가던
'톰 블레이크'는 가까스로
프로젝트에 참여하게 된다.",플레어를 켜 이동한다,플레어를 안킨채로 조심히 이동한다,,,,,,,,,3
54,scene#54(img).png,scene#54(choose).png,NORMAL,horror2.mp3,NORMAL,,,,scene#54.txt,"2060년 환경오염과 기후위기로
최악의 상황에 몰린 지구는
하루 하루 다르게 메말라 간다.

소수의 특권층들은
안전한 삶을 영위하고 있지만
과학의 발전으로 인해
대부분의 노동자들은
'안드로이드'에게 일자리를 뺏기고
힘들게 살아 가고 있다.

노동 계급들에게 유일한 희망은
다른 행성으로 이주하여
새로운 삶을 찾을 수 있는
뉴 프론티어 프로젝트에
참여하는 것이다.

2060년 06월 05일
하루하루 일용직으로 연명해가던
'톰 블레이크'는 가까스로
프로젝트에 참여하게 된다.",다시 돌아가 선택할 수만 있다면..,처음부터 다시 시작한다.,,,,,,,,,3
55,scene#55(img).png,scene#55(choose).png,NORMAL,MainTheme.mp3,NORMAL,,,,scene#55.txt,"2060년 환경오염과 기후위기로
최악의 상황에 몰린 지구는
하루 하루 다르게 메말라 간다.

소수의 특권층들은
안전한 삶을 영위하고 있지만
과학의 발전으로 인해
대부분의 노동자들은
'안드로이드'에게 일자리를 뺏기고
힘들게 살아 가고 있다.

노동 계급들에게 유일한 희망은
다른 행성으로 이주하여
새로운 삶을 찾을 수 있는
뉴 프론티어 프로젝트에
참여하는 것이다.

2060년 06월 05일
하루하루 일용직으로 연명해가던
'톰 블레이크'는 가까스로
프로젝트에 참여하게 된다.",쬐만한 녀석이군. 싸운다!,어림없지... 도망간다!,,,,,,,,,3
56,scene#56(img).png,scene#56(choose).png,NORMAL,MainTheme.mp3,NORMAL,,,,scene#56.txt,"2060년 환경오염과 기후위기로
최악의 상황에 몰린 지구는
하루 하루 다르게 메말라 간다.

소수의 특권층들은
안전한 삶을 영위하고 있지만
과학의 발전으로 인해
대부분의 노동자들은
'안드로이드'에게 일자리를 뺏기고
힘들게 살아 가고 있다.

노동 계급들에게 유일한 희망은
다른 행성으로 이주하여
새로운 삶을 찾을 수 있는
뉴 프론티어 프로젝트에
참여하는 것이다.

2060년 06월 05일
하루하루 일용직으로 연명해가던
'톰 블레이크'는 가까스로
프로젝트에 참여하게 된다.",다시 돌아가 선택할 수만 있다면..,처음부터 다시 시작한다.,,,,,,,,,3
57,scene#57(img).png,scene#57(choose).png,NORMAL,MainTheme.mp3,NORMAL,,,,scene#57.txt,"2060년 환경오염과 기후위기로
최악의 상황에 몰린 지구는
하루 하루 다르게 메말라 간다.

소수의 특권층들은
안전한 삶을 영위하고 있지만
과학의 발전으로 인해
대부분의 노동자들은
'안드로이드'에게 일자리를 뺏기고
힘들게 살아 가고 있다.

노동 계급들에게 유일한 희망은
다른 행성으로 이주하여
새로운 삶을 찾을 수 있는
뉴 프론티어 프로젝트에
참여하는 것이다.

2060년 06월 05일
하루하루 일용직으로 연명해가던
'톰 블레이크'는 가까스로
프로젝트에 참여하게 된다.",탄약이 없어 버려야할 것 같다,,,,,,,,,,3
58,scene#58(img).png,scene#58(choose).png,NORMAL,MainTheme.mp3,NORMAL,,,,scene#58.txt,"2060년 환경오염과 기후위기로
최악의 상황에 몰린 지구는
하루 하루 다르게 메말라 간다.

소수의 특권층들은
안전한 삶을 영위하고 있지만
과학의 발전으로 인해
대부분의 노동자들은
'안드로이드'에게 일자리를 뺏기고
힘들게 살아 가고 있다.

노동 계급들에게 유일한 희망은
다른 행성으로 이주하여
새로운 삶을 찾을 수 있는
뉴 프론티어 프로젝트에
참여하는 것이다.

2060년 06월 05일
하루하루 일용직으로 연명해가던
'톰 블레이크'는 가까스로
프로젝트에 참여하게 된다.",플레어를 키고 이동한다,,,,,,,,,,3
59,scene#59(img).png,scene#59(choose).png,NORMAL,MainTheme.mp3,NORMAL,,,,scene#59.txt,"2060년 환경오염과 기후위기로
최악의 상황에 몰린 지구는
하루 하루 다르게 메말라 간다.

소수의 특권층들은
안전한 삶을 영위하고 있지만
과학의 발전으로 인해
대부분의 노동자들은
'안드로이드'에게 일자리를 뺏기고
힘들게 살아 가고 있다.

노동 계급들에게 유일한 희망은
다른 행성으로 이주하여
새로운 삶을 찾을 수 있는
뉴 프론티어 프로젝트에
참여하는 것이다.

2060년 06월 05일
하루하루 일용직으로 연명해가던
'톰 블레이크'는 가까스로
프로젝트에 참여하게 된다.",가동시킨다,,,,,,,,,,3
60,scene#60(img).png,scene#60(choose).png,NORMAL,MainTheme.mp3,NORMAL,,,,scene#60.txt,"2060년 환경오염과 기후위기로
최악의 상황에 몰린 지구는
하루 하루 다르게 메말라 간다.

소수의 특권층들은
안전한 삶을 영위하고 있지만
과학의 발전으로 인해
대부분의 노동자들은
'안드로이드'에게 일자리를 뺏기고
힘들게 살아 가고 있다.

노동 계급들에게 유일한 희망은
다른 행성으로 이주하여
새로운 삶을 찾을 수 있는
뉴 프론티어 프로젝트에
참여하는 것이다.

2060년 06월 05일
하루하루 일용직으로 연명해가던
'톰 블레이크'는 가까스로
프로젝트에 참여하게 된다.",으악! 재빨리 빠져 나간다,,,,,,,,,,3
61,scene#61(img).png,scene#61(choose).png,NORMAL,MainTheme.mp3,NORMAL,,,,scene#61.txt,"2060년 환경오염과 기후위기로
최악의 상황에 몰린 지구는
하루 하루 다르게 메말라 간다.

소수의 특권층들은
안전한 삶을 영위하고 있지만
과학의 발전으로 인해
대부분의 노동자들은
'안드로이드'에게 일자리를 뺏기고
힘들게 살아 가고 있다.

노동 계급들에게 유일한 희망은
다른 행성으로 이주하여
새로운 삶을 찾을 수 있는
뉴 프론티어 프로젝트에
참여하는 것이다.

2060년 06월 05일
하루하루 일용직으로 연명해가던
'톰 블레이크'는 가까스로
프로젝트에 참여하게 된다.",탈출포트 앞에 다다랐다,,,,,,,,,,3
62,scene#62(img).png,scene#62(choose).png,NORMAL,MainTheme.mp3,NORMAL,,,,scene#62.txt,"2060년 환경오염과 기후위기로
최악의 상황에 몰린 지구는
하루 하루 다르게 메말라 간다.

소수의 특권층들은
안전한 삶을 영위하고 있지만
과학의 발전으로 인해
대부분의 노동자들은
'안드로이드'에게 일자리를 뺏기고
힘들게 살아 가고 있다.

노동 계급들에게 유일한 희망은
다른 행성으로 이주하여
새로운 삶을 찾을 수 있는
뉴 프론티어 프로젝트에
참여하는 것이다.

2060년 06월 05일
하루하루 일용직으로 연명해가던
'톰 블레이크'는 가까스로
프로젝트에 참여하게 된다.",탈출포트 앞에 다다랐다,,,,,,,,,,3
63,scene#63(img).png,scene#63(choose).png,NORMAL,MainTheme.mp3,NORMAL,,,,scene#63.txt,"2060년 환경오염과 기후위기로
최악의 상황에 몰린 지구는
하루 하루 다르게 메말라 간다.

소수의 특권층들은
안전한 삶을 영위하고 있지만
과학의 발전으로 인해
대부분의 노동자들은
'안드로이드'에게 일자리를 뺏기고
힘들게 살아 가고 있다.

노동 계급들에게 유일한 희망은
다른 행성으로 이주하여
새로운 삶을 찾을 수 있는
뉴 프론티어 프로젝트에
참여하는 것이다.

2060년 06월 05일
하루하루 일용직으로 연명해가던
'톰 블레이크'는 가까스로
프로젝트에 참여하게 된다.",탈출포트 앞에 다다랐다,,,,,,,,,,3
64,scene#64(img).png,scene#64(choose).png,NORMAL,MainTheme.mp3,NORMAL,,,,scene#64.txt,"2060년 환경오염과 기후위기로
최악의 상황에 몰린 지구는
하루 하루 다르게 메말라 간다.

소수의 특권층들은
안전한 삶을 영위하고 있지만
과학의 발전으로 인해
대부분의 노동자들은
'안드로이드'에게 일자리를 뺏기고
힘들게 살아 가고 있다.

노동 계급들에게 유일한 희망은
다른 행성으로 이주하여
새로운 삶을 찾을 수 있는
뉴 프론티어 프로젝트에
참여하는 것이다.

2060년 06월 05일
하루하루 일용직으로 연명해가던
'톰 블레이크'는 가까스로
프로젝트에 참여하게 된다.",사망(베드 엔딩),,,,,,,,,,3
65,scene#65(img).png,scene#65(choose).png,NORMAL,MainTheme.mp3,NORMAL,,,,scene#65.txt,"2060년 환경오염과 기후위기로
최악의 상황에 몰린 지구는
하루 하루 다르게 메말라 간다.

소수의 특권층들은
안전한 삶을 영위하고 있지만
과학의 발전으로 인해
대부분의 노동자들은
'안드로이드'에게 일자리를 뺏기고
힘들게 살아 가고 있다.

노동 계급들에게 유일한 희망은
다른 행성으로 이주하여
새로운 삶을 찾을 수 있는
뉴 프론티어 프로젝트에
참여하는 것이다.

2060년 06월 05일
하루하루 일용직으로 연명해가던
'톰 블레이크'는 가까스로
프로젝트에 참여하게 된다.",어림없지! 숀을 죽인다,어린 딸과 함께라니... 숀에게 양보한다,,,,,,,,,3
66,scene#66(img).png,scene#66(choose).png,NORMAL,MainTheme.mp3,NORMAL,,,,scene#66.txt,"2060년 환경오염과 기후위기로
최악의 상황에 몰린 지구는
하루 하루 다르게 메말라 간다.

소수의 특권층들은
안전한 삶을 영위하고 있지만
과학의 발전으로 인해
대부분의 노동자들은
'안드로이드'에게 일자리를 뺏기고
힘들게 살아 가고 있다.

노동 계급들에게 유일한 희망은
다른 행성으로 이주하여
새로운 삶을 찾을 수 있는
뉴 프론티어 프로젝트에
참여하는 것이다.

2060년 06월 05일
하루하루 일용직으로 연명해가던
'톰 블레이크'는 가까스로
프로젝트에 참여하게 된다.",사망(베드 엔딩),,,,,,,,,,3
67,scene#67(img).png,scene#67(choose).png,NORMAL,MainTheme.mp3,NORMAL,,,,scene#67.txt,"2060년 환경오염과 기후위기로
최악의 상황에 몰린 지구는
하루 하루 다르게 메말라 간다.

소수의 특권층들은
안전한 삶을 영위하고 있지만
과학의 발전으로 인해
대부분의 노동자들은
'안드로이드'에게 일자리를 뺏기고
힘들게 살아 가고 있다.

노동 계급들에게 유일한 희망은
다른 행성으로 이주하여
새로운 삶을 찾을 수 있는
뉴 프론티어 프로젝트에
참여하는 것이다.

2060년 06월 05일
하루하루 일용직으로 연명해가던
'톰 블레이크'는 가까스로
프로젝트에 참여하게 된다.",생존(해피 엔딩),,,,,,,,,,3
261,scene#261(img).png,scene#261(choose).png,NORMAL,MainTheme.mp3,NORMAL,gateopen,0:03,NORMAL,scene#261.txt,"2060년 환경오염과 기후위기로
최악의 상황에 몰린 지구는
하루 하루 다르게 메말라 간다.

소수의 특권층들은
안전한 삶을 영위하고 있지만
과학의 발전으로 인해
대부분의 노동자들은
'안드로이드'에게 일자리를 뺏기고
힘들게 살아 가고 있다.

노동 계급들에게 유일한 희망은
다른 행성으로 이주하여
새로운 삶을 찾을 수 있는
뉴 프론티어 프로젝트에
참여하는 것이다.

2060년 06월 05일
하루하루 일용직으로 연명해가던
'톰 블레이크'는 가까스로
프로젝트에 참여하게 된다.",숨죽여 복도로 나간다.,,,,31,,,FALSE,FALSE,FALSE,3
391,scene#391(img).png,scene#391(choose).png,NORMAL,MainTheme.mp3,NORMAL,flamethrower.mp3,0:05,NORMAL,scene#391.txt,"2060년 환경오염과 기후위기로
최악의 상황에 몰린 지구는
하루 하루 다르게 메말라 간다.

소수의 특권층들은
안전한 삶을 영위하고 있지만
과학의 발전으로 인해
대부분의 노동자들은
'안드로이드'에게 일자리를 뺏기고
힘들게 살아 가고 있다.

노동 계급들에게 유일한 희망은
다른 행성으로 이주하여
새로운 삶을 찾을 수 있는
뉴 프론티어 프로젝트에
참여하는 것이다.

2060년 06월 05일
하루하루 일용직으로 연명해가던
'톰 블레이크'는 가까스로
프로젝트에 참여하게 된다.",가까이 올때 까지 기다렸다가 쏜다,,,,48,,,,,,3
411,scene#411(img).png,scene#411(choose).png,SHAKE,MainTheme.mp3,NORMAL,gunfire.mp3,0:01,NORMAL,scene#411.txt,"2060년 환경오염과 기후위기로
최악의 상황에 몰린 지구는
하루 하루 다르게 메말라 간다.

소수의 특권층들은
안전한 삶을 영위하고 있지만
과학의 발전으로 인해
대부분의 노동자들은
'안드로이드'에게 일자리를 뺏기고
힘들게 살아 가고 있다.

노동 계급들에게 유일한 희망은
다른 행성으로 이주하여
새로운 삶을 찾을 수 있는
뉴 프론티어 프로젝트에
참여하는 것이다.

2060년 06월 05일
하루하루 일용직으로 연명해가던
'톰 블레이크'는 가까스로
프로젝트에 참여하게 된다.",싸운다,,,,48,,,,,,3
451,scene#451(img).png,scene#451(img).png,NORMAL,MainTheme.mp3,NORMAL,gateopen,0:03,NORMAL,scene#451.txt,"2060년 환경오염과 기후위기로
최악의 상황에 몰린 지구는
하루 하루 다르게 메말라 간다.

소수의 특권층들은
안전한 삶을 영위하고 있지만
과학의 발전으로 인해
대부분의 노동자들은
'안드로이드'에게 일자리를 뺏기고
힘들게 살아 가고 있다.

노동 계급들에게 유일한 희망은
다른 행성으로 이주하여
새로운 삶을 찾을 수 있는
뉴 프론티어 프로젝트에
참여하는 것이다.

2060년 06월 05일
하루하루 일용직으로 연명해가던
'톰 블레이크'는 가까스로
프로젝트에 참여하게 된다.",환풍구로 숨는다,,,,,,,,,,3
